User-added Compound,LINCS Analog,LINCS Analog Name,Similarity
CMP1,LSM-5164,XUKUURHRXDUEBC-UHFFFAOYSA-N,1
CMP1,LSM-5771,Atorvastatin,1
CMP1,LSM-43826,MLS000331001,0.808
CMP1,LSM-5381,Neurodazine,0.786
CMP1,LSM-4923,BIX-01338,0.784
CMP1,LSM-1079,TORIN1,0.784
CMP1,LSM-45630,SLx-2119,0.78
CMP1,LSM-1035,AKT Inhibitor VIII,0.78
CMP1,LSM-42689,Fcodpguefhccia-Uhfffaoysa-N,0.779
CMP1,LSM-2740,133040-77-4,0.778
CMP1,LSM-15243,MLS000587039,0.776
CMP1,LSM-33459,SMR000200716,0.776
CMP1,LSM-1884,MLS002576689,0.775
CMP1,LSM-3487,MLS000862515,0.775
CMP1,LSM-6006,Pranlukast,0.775
CMP1,LSM-24437,"6-[[(5-Bromo-3-phenyl-1H-indole-2-carbonyl)hydrazinylidene]methyl]-2,3-dimethoxybenzoic acid",0.775
CMP1,LSM-44526,JNK-IN-11,0.774
CMP1,LSM-1194,TIE2 Kinase Inhibitor,0.772
CMP1,LSM-33544,KUC100196,0.772
CMP1,LSM-4255,Dactolisib,0.771
CMP1,LSM-16731,MLS000713936,0.771
CMP1,LSM-45317,WH-4-025,0.771
CMP1,LSM-2604,MLS000862518,0.769
CMP1,LSM-45579,Elacridar,0.769
CMP1,LSM-45225,THZ1,0.769
CMP1,LSM-27728,ST50902035,0.768
CMP1,LSM-1201,NVP-BHG712,0.767
CMP1,LSM-19019,"Irigenin, Dibenzyl Ether",0.767
CMP1,LSM-2382,UNII-BXU45ZH6LI,0.765
CMP1,LSM-32162,MLS000572016,0.765
CMP1,LSM-1113,"N-(3-Fluoro-4-((7-methoxyquinolin-4-yl)oxy)phenyl)-1-(2-hydroxy-2-methylpropyl)-5-methyl-3-oxo-2-phenyl-2,3-dihydro-1H-pyrazole-4-carboxamide",0.764
CMP1,LSM-3219,Ntzdpa,0.763
CMP1,LSM-1174,SAR245409,0.762
CMP1,LSM-2679,SMR000200744,0.762
CMP1,LSM-21126,AC1N59AI,0.76
CMP1,LSM-23825,STK006204,0.76
CMP1,LSM-37241,BML-266,0.76
CMP1,LSM-4066,MLS003221407,0.757
CMP1,LSM-4853,MLS002302556,0.757
CMP1,LSM-31290,SMR000151890,0.757
CMP1,LSM-2218,MLS-0257792.0001,0.757
CMP1,LSM-45291,Conivaptan HCl,0.757
CMP1,LSM-22894,T0518-6531,0.755
CMP1,LSM-31295,Methyl 4-({[2-(pyridin-2-yl)quinolin-4-yl]carbonyl}amino)benzoate,0.755
CMP1,LSM-32430,ST50889435,0.755
CMP1,LSM-21138,AC1NML9N,0.755
CMP1,LSM-4706,F1566-0341,0.755
CMP1,LSM-31931,AC1MOVWK,0.755
CMP1,LSM-1062,GSK-1070916,0.755
CMP1,LSM-16826,SMR000145385,0.752
CMP1,LSM-44430,MLS000777055,0.752
CMP1,LSM-2019,MLS-0226099.0001,0.752
CMP1,LSM-16827,AC1M5H7K,0.752
CMP1,LSM-32689,SMR000243488,0.752
CMP1,LSM-45875,MK 0893,0.752
CMP1,LSM-2051,Catechin Pentabenzoate,0.752
CMP1,LSM-12713,CHEMBL2355072,0.752
CMP1,LSM-13248,BRD-K78918239,0.752
CMP1,LSM-24447,MLS000879485,0.75
CMP1,LSM-45980,TG 100801,0.75
CMP1,LSM-6215,CHEMBL3186197,0.748
CMP1,LSM-1124,MGCD-265,0.748
CMP1,LSM-27769,MLS000582933,0.748
CMP1,LSM-19908,AC1O9963,0.748
CMP1,LSM-19457,STK847168,0.747
CMP1,LSM-6242,Quiflapon,0.745
CMP1,LSM-21182,AC1OAPGU,0.745
CMP1,LSM-8526,BRD-K01490356,0.745
CMP1,LSM-17032,F0324-0011,0.745
CMP1,LSM-42970,MLS001060805,0.745
CMP1,LSM-31229,T0517-3378,0.743
CMP1,LSM-11255,BRD-K46343228,0.743
CMP1,LSM-11571,BRD-K51361049-001-01-0,0.743
CMP1,LSM-9699,CHEMBL3183095,0.743
CMP1,LSM-14296,BRD-K95666496,0.743
CMP1,LSM-44935,GNF-5837,0.743
CMP1,LSM-3901,BMY45778,0.743
CMP1,LSM-33472,ST50837446,0.743
CMP1,LSM-33570,MLS000335621,0.743
CMP1,LSM-4771,ST007958,0.743
CMP1,LSM-17321,CHEMDIV1_016648,0.742
CMP1,LSM-5775,Suramin,0.741
CMP1,LSM-5674,SCHEMBL6874948,0.741
CMP1,LSM-22817,MLS000575713,0.741
CMP1,LSM-12087,BRD-K60558875,0.741
CMP1,LSM-13104,BRD-K76439996,0.741
CMP1,LSM-1873,MLS002264411,0.74
CMP1,LSM-21241,ST50922033,0.74
CMP1,LSM-31940,SMR000159489,0.74
CMP1,LSM-32604,SMR000236806,0.74
CMP1,LSM-43718,SMR000220179,0.74
CMP1,LSM-18845,ZINC05034961,0.74
CMP1,LSM-32875,2-(2-Methoxyphenyl)-3-phenylbenzo[g]quinoxaline,0.74
CMP1,LSM-26048,MLS000562053,0.739
CMP1,LSM-5613,WH-4-023,0.738
CMP1,LSM-37142,81-78-7,0.738
CMP1,LSM-22876,SMR000142792,0.738
CMP1,LSM-28031,AC1LNRWZ,0.738
CMP1,LSM-45706,LY2801653,0.738
CMP1,LSM-1135,Linsitinib,0.738
CMP1,LSM-1985,"2-Phenyl-n-[4-(1,3-thiazol-2-ylsulfamoyl)phenyl]quinoline-4-carboxamide",0.738
CMP1,LSM-3382,T 98475,0.738
CMP1,LSM-21089,AK-968/11844486,0.738
CMP1,LSM-45278,OSI-906 (Linsitinib),0.738
CMP1,LSM-21272,"4-((E)-{4-[(e)-(2,4-dihydroxyquinolin-3-yl)diazenyl]-2-methylphenyl}diazenyl)-n,n-dimethylbenzamide",0.737
CMP1,LSM-18833,SMR000212607,0.737
CMP1,LSM-32216,STK846380,0.737
CMP1,LSM-45995,Temoporfin,0.736
CMP1,LSM-1130,Masitinib,0.736
CMP1,LSM-1357,OPREA1_214521,0.735
CMP1,LSM-4858,SMR000115252,0.735
CMP1,LSM-19249,AK-968/12117141,0.735
CMP1,LSM-1023,Imatinib,0.734
CMP1,LSM-1312,MLS002264405,0.733
CMP1,LSM-1287,MLS002264409,0.733
CMP1,LSM-3435,CHEMBL3188521,0.733
CMP1,LSM-40288,SCHEMBL12684744,0.733
CMP1,LSM-40430,BRD-K57678861,0.733
CMP1,LSM-28399,AQ-390/42869069,0.733
CMP1,LSM-42619,CHEMBL2141840,0.733
CMP1,LSM-42661,CHEMBL2135649,0.733
CMP1,LSM-41642,CHEMBL2139291,0.733
CMP1,LSM-37819,CHEMBL2361177,0.733
CMP1,LSM-42999,GW-4064,0.733
CMP1,LSM-39835,CHEMBL2361430,0.733
CMP1,LSM-39083,CHEMBL2131985,0.733
CMP1,LSM-26572,AK-778/41050986,0.733
CMP1,LSM-26250,SMR000204161,0.733
CMP1,LSM-21084,SMR000028327,0.733
CMP1,LSM-24076,MLS001004790,0.733
CMP1,LSM-43329,GW-8510,0.733
CMP1,LSM-4695,ZINC04126477,0.733
CMP1,LSM-1065,Aurora A Inhibitor I,0.732
CMP1,LSM-39222,BRD-K35638681,0.732
CMP1,LSM-41074,BRD-K69888333,0.732
CMP1,LSM-41474,BRD-K76938712,0.732
CMP1,LSM-12253,CHEMBL3182469,0.732
CMP1,LSM-41430,CHEMBL2139070,0.732
CMP1,LSM-42358,CHEMBL2131967,0.732
CMP1,LSM-40126,CHEMBL2142684,0.732
CMP1,LSM-40355,CHEMBL2134949,0.732
CMP1,LSM-39995,CHEMBL2133868,0.732
CMP1,LSM-1109,YM 201636,0.731
CMP1,LSM-1675,MLS002264406,0.731
CMP1,LSM-18676,CHEMBL1290401,0.731
CMP1,LSM-18703,MLS000539683,0.731
CMP1,LSM-1080,TORIN-2,0.731
CMP1,LSM-44248,MLS000394574,0.73
CMP1,LSM-23823,SMR000030178,0.73
CMP1,LSM-32161,MLS000911607,0.73
CMP1,LSM-24543,OPREA1_573610,0.73
CMP1,LSM-41224,BRD-K72837898,0.73
CMP1,LSM-16804,MLS000879274,0.73
CMP1,LSM-2415,MLS000581978,0.729
CMP1,LSM-27887,SMR000218495,0.729
CMP1,LSM-1051,Lapatinib,0.729
CMP1,LSM-1834,MLS002264408,0.728
CMP1,LSM-6259,(S)-Tipifarnib,0.728
CMP1,LSM-23580,AC1OAQEJ,0.728
CMP1,LSM-6258,Tipifarnib,0.728
CMP1,LSM-17104,MLS000720377,0.728
CMP1,LSM-9353,CHEMBL3188835,0.727
CMP1,LSM-9416,BRD-K16348047,0.727
CMP1,LSM-24655,AC1OA6GV,0.727
CMP1,LSM-1164,CHEMBL3182395,0.727
CMP1,LSM-46165,Bafetinib,0.726
CMP1,LSM-3657,Telmisartan,0.726
CMP1,LSM-2075,SB-222200,0.726
CMP1,LSM-45828,Talnetant,0.726
CMP1,LSM-38567,CHEMBL2131306,0.726
CMP1,LSM-43910,T0503-5104,0.725
CMP1,LSM-44063,STK285715,0.725
CMP1,LSM-44046,T0517-7108,0.725
CMP1,LSM-44146,MLS000724395,0.725
CMP1,LSM-1547,MLS002607805,0.725
CMP1,LSM-1786,MLS002264403,0.725
CMP1,LSM-6453,CHEMDIV1_016684,0.725
CMP1,LSM-31961,MLS000050218,0.725
CMP1,LSM-33190,MLS000882744,0.725
CMP1,LSM-25821,T0508-9675,0.725
CMP1,LSM-12964,BRD-K74094800,0.725
CMP1,LSM-10622,BRD-K36313546,0.725
CMP1,LSM-28160,"4-Oxo-5-phenyl-1,2-dihydro-4H-pyrrolo[3,2,1-ij]quinolin-6-yl 4-chlorobenzoate",0.724
CMP1,LSM-46128,Neratinib,0.724
CMP1,LSM-45775,SB743921,0.724
CMP1,LSM-41356,BRD-K74998149,0.724
CMP1,LSM-1099,Nilotinib,0.724
CMP1,LSM-42778,Neratinib,0.724
CMP1,LSM-23817,MLS000591142,0.723
CMP1,LSM-2157,L701324,0.723
CMP1,LSM-1197,CDK9 Inhibitor,0.722
CMP1,LSM-45223,BMX-IN-1,0.722
CMP1,LSM-21069,SMR000242874,0.722
CMP1,LSM-25773,"N-[2,5-Dioxo-6-(4-phenoxyphenyl)-5,6-dihydro-2H-pyrano[3,2-c]pyridin-3-yl]benzenecarboxamide",0.722
CMP1,LSM-12338,CHEMBL2361187,0.722
CMP1,LSM-10652,BRD-K36741877,0.722
CMP1,LSM-26175,"N-{2-[5-(4-Tert-butyl-benzylsulfanyl)-[1,3,4]oxadiazol-2-yl]-phenyl}-benzamide",0.722
CMP1,LSM-4708,AC1M3NZE,0.722
CMP1,LSM-33562,"N-(4,5-Diphenyl-1,3-oxazol-2-yl)-3-methoxybenzamide",0.722
CMP1,LSM-1875,MLS002607804,0.721
CMP1,LSM-24123,ST50882567,0.721
CMP1,LSM-43288,JNK-IN-2,0.721
CMP1,LSM-43196,AGK 2,0.721
CMP1,LSM-27791,1-Amino-4-benzamidoanthraquinone,0.72
CMP1,LSM-20633,MLS001049367,0.72
CMP1,LSM-32970,MLS000546032,0.72
CMP1,LSM-2299,Fast Scarlet,0.72
CMP1,LSM-1152,CHEMBL2136735,0.72
CMP1,LSM-1891,MLS002607806,0.718
CMP1,LSM-22822,ZINC01129058,0.718
CMP1,LSM-21058,AC1LW7SC,0.718
CMP1,LSM-5669,Clofazimine,0.718
CMP1,LSM-31284,MLS000759793,0.718
CMP1,LSM-14115,CHEMBL2361154,0.718
CMP1,LSM-11773,BRD-K55194575,0.718
CMP1,LSM-32044,AC1NB8MD,0.717
CMP1,LSM-1060,TAK-715,0.717
CMP1,LSM-19411,AC1O9HN9,0.717
CMP1,LSM-2795,WAY-170523,0.717
CMP1,LSM-45304,TL Aurora 09,0.717
CMP1,LSM-20661,UPCMLD02AMDF002084,0.717
CMP1,LSM-4734,SPOX1_000836,0.717
CMP1,LSM-16781,T0505-4342,0.717
CMP1,LSM-2674,Devazepide,0.716
CMP1,LSM-33383,AC1LKDLC,0.716
CMP1,LSM-20530,AC1LZSJK,0.716
CMP1,LSM-24567,AC1LQJYX,0.716
CMP1,LSM-16270,MLS000418648,0.716
CMP1,LSM-2875,"L-161,982",0.716
CMP1,LSM-1081,PDK1 Inhibitor,0.714
CMP1,LSM-13168,CHEMBL3187411,0.714
CMP1,LSM-10359,CHEMBL3183442,0.714
CMP1,LSM-44366,AC1M5LZ2,0.714
CMP1,LSM-11172,BRD-K45114520,0.713
CMP1,LSM-11849,BRD-K56583519,0.713
CMP1,LSM-26399,AC1LNRU2,0.713
CMP1,LSM-4127,Y-134,0.713
CMP1,LSM-24182,AG-690/11450337,0.713
CMP1,LSM-17068,F1495-5984,0.713
CMP1,LSM-18569,F0582-0541,0.713
CMP1,LSM-28198,SMR000217588,0.712
CMP1,LSM-22899,2-{Benzyl[(4-Methylphenyl)sulfonyl]amino}-n-{2-[(furan-2-ylmethyl)carbamoyl]phenyl}benzamide,0.712
CMP1,LSM-17052,SMR000144923,0.712
CMP1,LSM-6186,STK064652,0.711
CMP1,LSM-16392,SMR000221105,0.711
CMP1,LSM-24473,MLS001007082,0.711
CMP1,LSM-45360,,0.711
CMP1,LSM-44415,AC1M4BHS,0.711
CMP1,LSM-44525,JNK-IN-8,0.71
CMP1,LSM-31865,ST50225788,0.71
CMP1,LSM-42592,MLS003487589,0.71
CMP1,LSM-23776,AC1MEWDI,0.71
CMP1,LSM-44344,MLS000705022,0.709
CMP1,LSM-44483,SMR000150131,0.709
CMP1,LSM-28064,MLS000417305,0.709
CMP1,LSM-19513,MLS000537273,0.709
CMP1,LSM-33213,F1821-0057,0.708
CMP1,LSM-44255,MLS000776213,0.708
CMP1,LSM-21098,SMR000172103,0.708
CMP1,LSM-25622,Isoginkgetin,0.708
CMP1,LSM-24077,SMR000195250,0.707
CMP1,LSM-27108,SMR000161963,0.707
CMP1,LSM-16743,MLS000392310,0.707
CMP1,LSM-19645,1P-321S,0.707
CMP1,LSM-4549,AC1O9B1U,0.707
CMP1,LSM-37436,BRD-K02969269,0.706
CMP1,LSM-42622,BRD-K98832591,0.706
CMP1,LSM-42082,BRD-K88278225,0.706
CMP1,LSM-11526,BRD-K50799972,0.706
CMP1,LSM-9970,BRD-K25379780,0.706
CMP1,LSM-13022,CHEMBL2140651,0.706
CMP1,LSM-10386,BRD-K32310489,0.706
CMP1,LSM-10650,CHEMBL2360034,0.706
CMP1,LSM-11189,CHEMBL2362426,0.706
CMP1,LSM-13632,CHEMBL2359288,0.706
CMP1,LSM-8770,BRD-K05791917,0.706
CMP1,LSM-36699,CHEMBL2140299,0.706
CMP1,LSM-38354,CHEMBL2136621,0.706
CMP1,LSM-41122,CHEMBL2143638,0.706
CMP1,LSM-40215,CHEMBL2143402,0.706
CMP1,LSM-1829,MLS003221410,0.706
CMP1,LSM-12312,CHEMBL3183224,0.705
CMP1,LSM-13896,CHEMBL3185285,0.705
CMP1,LSM-26361,ST047752,0.705
CMP1,LSM-17354,ST019495,0.705
CMP1,LSM-33104,MLS000882791,0.705
CMP1,LSM-20772,CBMICRO_020045,0.704
CMP1,LSM-3357,SB 218795,0.703
CMP1,LSM-45387,,0.703
CMP1,LSM-24283,MLS000395044,0.703
CMP1,LSM-4283,303727-31-3,0.702
CMP1,LSM-44208,MLS000565407,0.702
CMP1,LSM-25708,MLS000534759,0.702
CMP1,LSM-6420,AC1MFIS3,0.702
CMP1,LSM-36706,PCL2_000405,0.702
CMP1,LSM-1066,MLN-8054,0.702
CMP1,LSM-24476,BDBM163,0.702
CMP1,LSM-43087,ST072947,0.702
CMP1,LSM-19888,MLS000389022,0.701
CMP1,LSM-19882,MLS000583046,0.701
CMP1,LSM-43670,SMR000248799,0.701
CMP1,LSM-1824,KN 62,0.7
CMP1,LSM-42755,KN-62,0.7
CMP1,LSM-1679,MLS003370613,0.7
CMP1,LSM-22714,AC1MGX04,0.7
CMP1,LSM-23631,MLS000578301,0.7
CMP1,LSM-26334,MLS000665517,0.7
CMP1,LSM-24488,MLS000763292,0.7
CMP1,LSM-32789,AC1OA1RU,0.7
CMP1,LSM-20735,F0582-0241,0.7
CMP1,LSM-33170,T0516-8594,0.7
CMP1,LSM-44360,SMR000261370,0.699
CMP1,LSM-22791,AC1LX9EZ,0.699
CMP1,LSM-2987,MLS002454457,0.699
CMP1,LSM-18520,MLS000760413,0.699
CMP1,LSM-26400,5-Bromo-furan-2-carboxylic acid [3-(2-oxo-2H-chromen-3-yl)-phenyl]-amide,0.699
CMP1,LSM-32194,SMR000207674,0.699
CMP1,LSM-16320,STK238251,0.699
CMP1,LSM-19066,T0512-7206,0.699
CMP1,LSM-43460,BRD-K28305693,0.699
CMP1,LSM-43492,BRD-K71401720,0.699
CMP1,LSM-2056,AC1L1JM9,0.699
CMP1,LSM-42845,Rottlerin,0.699
CMP1,LSM-44064,MLS000762841,0.698
CMP1,LSM-3800,CHEMBL453376,0.698
CMP1,LSM-27053,SMR000145094,0.698
CMP1,LSM-24359,F1602-0395,0.698
CMP1,LSM-31861,SMR000248379,0.698
CMP1,LSM-2467,AC1NDH8W,0.697
CMP1,LSM-42908,"Rhodanine derivative, 38",0.697
CMP1,LSM-39173,BRD-K34811324,0.697
CMP1,LSM-39967,BRD-K48548528,0.697
CMP1,LSM-20347,SMR000093866,0.697
CMP1,LSM-19792,4-Chloro-n-(2-methoxyphenazin-1-yl)benzamide,0.697
CMP1,LSM-33247,SMR000121631,0.697
CMP1,LSM-43092,HMS1476K01,0.697
CMP1,LSM-40616,CHEMBL2358414,0.697
CMP1,LSM-40913,CHEMBL2355302,0.697
CMP1,LSM-43835,AC1O41VH,0.697
CMP1,LSM-39058,BRD-K32485462,0.696
CMP1,LSM-1576,MLS000572607,0.696
CMP1,LSM-28657,AC1O9IP4,0.696
CMP1,LSM-26289,"N-(3-Methoxyphenyl)-2-[3-(4-methoxyphenyl)-1,2,4-oxadiazol-5-yl]benzamide",0.696
CMP1,LSM-26469,SMR000123896,0.696
CMP1,LSM-28337,"2-[3-(4-Fluorophenyl)-1,2,4-oxadiazol-5-yl]-n-(3-methoxyphenyl)benzamide",0.696
CMP1,LSM-28452,ASN 04362797,0.696
CMP1,LSM-18662,SMR000164057,0.696
CMP1,LSM-18577,SMR000198296,0.696
CMP1,LSM-1061,NU-7441,0.695
CMP1,LSM-1050,AZ628,0.695
CMP1,LSM-2369,KUC104254,0.695
CMP1,LSM-2665,KUC104233,0.695
CMP1,LSM-3964,MLS002276500,0.695
CMP1,LSM-18501,AC1M646F,0.695
CMP1,LSM-6019,QL47,0.695
CMP1,LSM-19606,F0556-0272,0.695
CMP1,LSM-6343,HG-9-91-01,0.694
CMP1,LSM-4490,STK224476,0.694
CMP1,LSM-25683,STK327710,0.694
CMP1,LSM-18771,CHEMBL1162110,0.694
CMP1,LSM-33626,MLS000576747,0.694
CMP1,LSM-43827,SMR000198058,0.694
CMP1,LSM-45476,,0.693
CMP1,LSM-5309,Daph,0.693
CMP1,LSM-21236,ST50196517,0.693
CMP1,LSM-22738,AC1MZ71D,0.693
CMP1,LSM-26926,KUC100011,0.693
CMP1,LSM-2187,MLS003448141,0.693
CMP1,LSM-32410,AC1OBA78,0.693
CMP1,LSM-6230,MST-312,0.693
CMP1,LSM-1183,Linifanib,0.693
CMP1,LSM-43248,HG6-64-1,0.693
CMP1,LSM-18551,T0504-3130,0.692
CMP1,LSM-3248,MLS002276501,0.692
CMP1,LSM-21078,HMS2997B08,0.692
CMP1,LSM-33647,AC1LZFA4,0.692
CMP1,LSM-45728,E-3810,0.692
CMP1,LSM-24337,ST50715897,0.692
CMP1,LSM-32174,AC1OAC9U,0.692
CMP1,LSM-11223,BRD-K45883686,0.692
CMP1,LSM-13617,BRD-K84935204,0.692
CMP1,LSM-42758,Ginkgetin,0.692
CMP1,LSM-16519,F0559-0097,0.691
CMP1,LSM-36795,CHEMBL2203528,0.691
CMP1,LSM-4317,CHEMBL599255,0.69
CMP1,LSM-4574,ST50073310,0.69
CMP1,LSM-23582,T5850092,0.69
CMP1,LSM-34601,AC1M07WZ,0.69
CMP1,LSM-28447,AN-689/41741299,0.69
CMP1,LSM-31425,ZINC03303252,0.69
CMP1,LSM-16501,2-(4-Methylphenyl)-n-[4-(morpholin-4-yl)phenyl]quinazolin-4-amine,0.69
CMP1,LSM-24606,AC1OBI1P,0.69
CMP1,LSM-16521,SMR000079211,0.69
CMP1,LSM-43801,MLS000673878,0.69
CMP1,LSM-44166,ZINC04863062,0.689
CMP1,LSM-44225,SMR000198173,0.689
CMP1,LSM-44267,MLS000334031,0.689
CMP1,LSM-43493,BRD-K73104592,0.689
CMP1,LSM-24104,SMR000092515,0.689
CMP1,LSM-2596,CHEMBL1271221,0.689
CMP1,LSM-19061,MLS000551404,0.689
CMP1,LSM-32837,SMR000146316,0.689
CMP1,LSM-43445,BRD-K05961870,0.689
CMP1,LSM-42769,Duvelisib,0.689
CMP1,LSM-45533,PD123319,0.689
CMP1,LSM-45864,BMS-794833,0.689
CMP1,LSM-2344,KUC104493,0.689
CMP1,LSM-3137,KUC104486,0.689
CMP1,LSM-1115,LDN 193189,0.689
CMP1,LSM-1696,"1-[[4-(Dimethylamino)-3-methylphenyl]methyl]-5-(2,2-diphenylacetyl)-6,7-dihydro-4H-imidazo[4,5-c]pyridine-6-carboxylic acid",0.689
CMP1,LSM-31922,AC1LMEZF,0.689
CMP1,LSM-1147,EX-8678,0.689
CMP1,LSM-2620,AC1MXYGS,0.688
CMP1,LSM-42691,SRT-1720,0.688
CMP1,LSM-4605,AC1NSM0X,0.688
CMP1,LSM-42435,CHEMBL2144678,0.688
CMP1,LSM-42926,CHEMBL584481,0.688
CMP1,LSM-43135,CHEMBL567069,0.688
CMP1,LSM-1978,Propylpyrazoletriol,0.688
CMP1,LSM-27098,ASN 10296607,0.688
CMP1,LSM-44157,SMR000219544,0.687
CMP1,LSM-2989,SECINH3,0.687
CMP1,LSM-16260,MLS000555841,0.687
CMP1,LSM-4522,STK139544,0.687
CMP1,LSM-16265,MLS000547229,0.687
CMP1,LSM-44510,MLS000925104,0.686
CMP1,LSM-45697,N6022,0.686
CMP1,LSM-3513,ZM323881,0.686
CMP1,LSM-2139,MLS002276485,0.686
CMP1,LSM-38306,BRD-K19268781,0.686
CMP1,LSM-40707,BRD-K62774106,0.686
CMP1,LSM-1057,MK-2206,0.686
CMP1,LSM-28569,"2-[3-[[5-(4-Ethoxyphenyl)-7-methyl-3-oxo-6-(phenylcarbamoyl)-5H-[1,3]thiazolo[3,2-a]pyrimidin-2-ylidene]methyl]phenoxy]acetic acid",0.686
CMP1,LSM-27106,5-Bromo-n-[[3-(4-methoxyphenyl)-1-phenylpyrazol-4-yl]methylideneamino]furan-2-carboxamide,0.686
CMP1,LSM-41028,BRD-K69048763,0.686
CMP1,LSM-41814,BRD-K83242582,0.686
CMP1,LSM-22713,AC1M0SZU,0.686
CMP1,LSM-27993,MLS000333994,0.686
CMP1,LSM-18827,AC1LR7GN,0.686
CMP1,LSM-15379,SR-2640,0.686
CMP1,LSM-17152,SMR000170911,0.686
CMP1,LSM-17386,1-Methoxy-n-[4-(pyridin-4-ylmethyl)phenyl]naphthalene-2-carboxamide,0.686
CMP1,LSM-19905,HMS2530E24,0.686
CMP1,LSM-44454,MLS000389580,0.686
CMP1,LSM-2125,Bisindolylmaleimide IX,0.686
CMP1,LSM-2639,KUC104140,0.686
CMP1,LSM-3567,KUC104142,0.686
CMP1,LSM-3981,KUC104133,0.686
CMP1,LSM-4179,KUC104228,0.686
CMP1,LSM-36660,PCL2_000101,0.686
CMP1,LSM-32239,AC1NLONT,0.686
CMP1,LSM-5803,SCHEMBL17052537,0.686
CMP1,LSM-45984,GSK256066,0.685
CMP1,LSM-2159,AC1N2OI5,0.685
CMP1,LSM-6236,TW 37,0.685
CMP1,LSM-23678,MLS000417875,0.685
CMP1,LSM-8534,CHEMBL3184674,0.685
CMP1,LSM-10560,BRD-K35535652-001-01-8,0.685
CMP1,LSM-42865,CHEMBL565810,0.685
CMP1,LSM-1069,Enzastaurin,0.685
CMP1,LSM-5774,Vatalanib,0.684
CMP1,LSM-36415,BRD-K79998087,0.684
CMP1,LSM-36402,BRD-K16063772,0.684
CMP1,LSM-24188,MLS000529852,0.684
CMP1,LSM-4622,"N-[5-(1,3-Benzoxazol-2-yl)-2-methylphenyl]-2-phenoxyacetamide",0.684
CMP1,LSM-24542,MLS000882751,0.683
CMP1,LSM-24377,SMR000204572,0.683
CMP1,LSM-26351,MLS000333748,0.683
CMP1,LSM-28261,"N-{[5-(1H-Benzimidazol-2-yl)-2-chlorophenyl]carbamothioyl}-2,6-dimethoxybenzamide",0.683
CMP1,LSM-16298,MLS000335765,0.683
CMP1,LSM-5123,Salermide,0.683
CMP1,LSM-45938,AMG 487,0.683
CMP1,LSM-1315,MLS002264397,0.683
CMP1,LSM-2951,T5285107,0.683
CMP1,LSM-44279,SMR000145584,0.683
CMP1,LSM-5732,Ispinesib,0.683
CMP1,LSM-3145,AC1M9EOE,0.683
CMP1,LSM-45677,MK-8033,0.683
CMP1,LSM-23607,T0505-8475,0.683
CMP1,LSM-5903,Candesartan,0.683
CMP1,LSM-28175,MLS000518589,0.683
CMP1,LSM-32160,SMR000140797,0.683
CMP1,LSM-45402,ABT-333,0.683
CMP1,LSM-18722,ST50891334,0.682
CMP1,LSM-4494,AC1N9M1C,0.681
CMP1,LSM-44210,AC1NWO4F,0.68
CMP1,LSM-23630,AQ-750/42209067,0.68
CMP1,LSM-19053,STK224466,0.68
CMP1,LSM-1203,301836-43-1,0.68
CMP1,LSM-1508,MLS003370611,0.68
CMP1,LSM-27910,SMR000005559,0.68
CMP1,LSM-22724,SMR000075148,0.68
CMP1,LSM-2332,MLS003568132,0.68
CMP1,LSM-20518,ST086869,0.68
CMP1,LSM-36861,Sirtinol,0.68
CMP1,LSM-44009,MLS000389271,0.68
CMP1,LSM-37333,BRD-K00900096,0.68
CMP1,LSM-38548,BRD-K23470676,0.68
CMP1,LSM-39187,BRD-K34992378,0.68
CMP1,LSM-23605,SMR000025916,0.68
CMP1,LSM-33033,CHEMDIV2_006311,0.68
CMP1,LSM-37059,Chrysamine-G,0.68
CMP1,LSM-38720,CHEMBL3187874,0.68
CMP1,LSM-43804,SMR000141582,0.68
CMP1,LSM-2512,KUC104230,0.679
CMP1,LSM-3377,KUC104227,0.679
CMP1,LSM-4056,KUC104255,0.679
CMP1,LSM-6344,Osimertinib,0.679
CMP1,LSM-6708,Rebastinib,0.679
CMP1,LSM-6710,BGT-226,0.679
CMP1,LSM-1195,Cabozantinib,0.679
CMP1,LSM-43131,ST50973695,0.679
CMP1,LSM-1631,AC1NDE46,0.679
CMP1,LSM-2706,"2,3-Diphenylquinoxaline-6-carboxylic acid",0.677
CMP1,LSM-31410,SMR000194198,0.677
CMP1,LSM-45611,Almorexant (hydrochloride),0.677
CMP1,LSM-1960,Talniflumate,0.677
CMP1,LSM-32091,MLS000585052,0.677
CMP1,LSM-4781,2002-H20,0.677
CMP1,LSM-31305,MLS000331071,0.677
CMP1,LSM-18975,F3225-6976,0.677
CMP1,LSM-32819,AC1OB9S8,0.677
CMP1,LSM-19446,F1605-0148,0.677
CMP1,LSM-4520,"N-(4-Bromophenyl)-2-{[5-(2-chlorophenyl)-4-phenyl-4H-1,2,4-triazol-3-yl]sulfanyl}acetamide",0.677
CMP1,LSM-44381,MLS000572651,0.676
CMP1,LSM-21099,HMS2984D05,0.676
CMP1,LSM-32540,ZINC03525936,0.676
CMP1,LSM-32235,MLS000882821,0.676
CMP1,LSM-43875,AC1LWVUY,0.676
CMP1,LSM-33373,AC1MUVB7,0.676
CMP1,LSM-34712,MLS000586803,0.676
CMP1,LSM-45952,"Dihydroorotate Dehydrogenase Inhibitor, Brequinar",0.676
CMP1,LSM-2563,MLS002699434,0.676
CMP1,LSM-1105,MPS1-IN-1,0.676
CMP1,LSM-36719,PCL2_000074,0.676
CMP1,LSM-45494,AC480 (BMS-599626),0.676
CMP1,LSM-34643,SMR000170989,0.676
CMP1,LSM-3598,CHEMBL1208118,0.676
CMP1,LSM-3566,L-692585,0.676
CMP1,LSM-36763,PCL2_000121,0.676
CMP1,LSM-36753,PCL2_000057,0.676
CMP1,LSM-21213,2-(4-Methoxyphenyl)-2-oxo-1-phenylethyl 2-chlorobenzoate,0.674
CMP1,LSM-44347,MLS000558410,0.673
CMP1,LSM-44479,T0516-7671,0.673
CMP1,LSM-4554,F0605-0375,0.673
CMP1,LSM-6594,4-(4-Methoxyphenoxy)-2-(4-propoxyphenyl)quinazoline,0.673
CMP1,LSM-19073,AC1MJUXX,0.673
CMP1,LSM-21132,SMR000221133,0.673
CMP1,LSM-27071,ASN 05440960,0.673
CMP1,LSM-19056,SMR000108273,0.673
CMP1,LSM-37130,CHEMBL569102,0.673
CMP1,LSM-45445,Betrixaban,0.673
CMP1,LSM-24158,STK252741,0.673
CMP1,LSM-24477,SMR000453577,0.673
CMP1,LSM-27644,Isoquinoline-1-carboxylic acid {3-[(furan-2-carbonyl)-amino]-phenyl}-amide,0.673
CMP1,LSM-24235,AC1OBJ05,0.673
CMP1,LSM-34690,MLS000530761,0.673
CMP1,LSM-36808,KUC111109N,0.673
CMP1,LSM-42746,SB590885,0.673
CMP1,LSM-44511,SMR000220915,0.673
CMP1,LSM-3451,MLS002699435,0.673
CMP1,LSM-1444,ML224,0.673
CMP1,LSM-23702,SMR000176912,0.673
CMP1,LSM-42888,MLS001163538,0.673
CMP1,LSM-34839,SMR000150188,0.673
CMP1,LSM-16812,F1607-0589,0.673
CMP1,LSM-1144,BMS-777607,0.673
CMP1,LSM-24423,MLS000722083,0.673
CMP1,LSM-45329,THZ-2-98-01,0.673
CMP1,LSM-18629,MLS000562099,0.673
CMP1,LSM-9481,BRD-K17525686,0.673
CMP1,LSM-12285,BRD-K63374765,0.673
CMP1,LSM-8745,BRD-K05356589,0.672
CMP1,LSM-11546,BRD-K51041684,0.672
CMP1,LSM-13597,BRD-K84567604,0.672
CMP1,LSM-13715,BRD-K86326967,0.672
CMP1,LSM-24618,MLS000774435,0.672
CMP1,LSM-4707,AC1O9I2Y,0.672
CMP1,LSM-1134,GSK-1904529A,0.672
CMP1,LSM-28504,AC1O9XW3,0.67
CMP1,LSM-4750,"6-Methyl-n,4-diphenylquinazolin-2-amine",0.67
CMP1,LSM-33313,N-(4-Methoxyphenyl)-2-(3-methylphenoxy)-n-[(4-methylphenyl)sulfonyl]acetamide,0.67
CMP1,LSM-3498,SB-431542,0.67
CMP1,LSM-36411,BRD-K65677539,0.67
CMP1,LSM-3770,LY-320135,0.67
CMP1,LSM-32234,MLS000734798,0.67
CMP1,LSM-32505,"2-Chloro-12-[(4-methoxyphenyl)sulfonyl]-12H-quinoxalino[2,3-b][1,4]benzoxazine",0.67
CMP1,LSM-45297,Deferasirox,0.67
CMP1,LSM-20353,ST058751,0.67
CMP1,LSM-4550,BAS 05532738,0.67
CMP1,LSM-33574,"4-({3-[5-(Furan-2-yl)-1,3,4-oxadiazol-2-yl]phenyl}carbamoyl)phenyl acetate",0.67
CMP1,LSM-34782,SMR000264223,0.67
CMP1,LSM-34629,AC1LZEK5,0.67
CMP1,LSM-43787,MLS000390303,0.67
CMP1,LSM-2184,KUC104131,0.67
CMP1,LSM-4157,KUC104139,0.67
CMP1,LSM-43191,Axitinib,0.67
CMP1,LSM-45674,XL-147,0.67
CMP1,LSM-25855,Benzyl 9-oxo-9H-fluorene-3-carboxylate,0.67
CMP1,LSM-26443,ST50894093,0.67
CMP1,LSM-28691,MLS000393643,0.67
CMP1,LSM-18448,SMR000121242,0.67
CMP1,LSM-31464,AC1M0WAT,0.67
CMP1,LSM-31888,AC1O9BJW,0.67
CMP1,LSM-33278,N-[(2-Benzoyl-4-bromo-phenylcarbamoyl)-methyl]-2-chloro-benzamide,0.67
CMP1,LSM-45549,GDC-0834 (Racemate),0.67
CMP1,LSM-20482,SMR000064027,0.67
CMP1,LSM-24545,AC1LNRVW,0.67
CMP1,LSM-5668,Chicago Sky Blue,0.67
CMP1,LSM-40069,BRD-K50634134,0.67
CMP1,LSM-37723,BRD-K08311783,0.67
CMP1,LSM-38389,BRD-K20718732,0.67
CMP1,LSM-40265,BRD-K54674054,0.67
CMP1,LSM-42451,BRD-K95482240,0.67
CMP1,LSM-42630,BRD-K99017327,0.67
CMP1,LSM-34657,MLS001045864,0.67
CMP1,LSM-38576,CHEMBL2360064,0.67
CMP1,LSM-39211,CHEMBL2139002,0.67
CMP1,LSM-44205,MLS000730821,0.667
CMP1,LSM-44506,MLS000673882,0.667
CMP1,LSM-2034,KUC104250,0.667
CMP1,LSM-3726,CHEMBL566495,0.667
CMP1,LSM-6316,GSK-650394,0.667
CMP1,LSM-6539,Fanchinin,0.667
CMP1,LSM-36694,AC1O9B13,0.667
CMP1,LSM-41713,BRD-K81332148,0.667
CMP1,LSM-5344,Mocetinostat,0.667
CMP1,LSM-6268,ZM336372,0.667
CMP1,LSM-4597,AC1LPBDT,0.667
CMP1,LSM-21020,T5310773,0.667
CMP1,LSM-36705,NCGC00170564-01,0.667
CMP1,LSM-25973,SMR000026488,0.667
CMP1,LSM-27784,AK-820/13220609,0.667
CMP1,LSM-16992,"N-[3-(4-Oxo-4H-3,1-benzoxazin-2-yl)phenyl]benzamide",0.667
CMP1,LSM-18700,SMR000109236,0.667
CMP1,LSM-22848,AQ-390/40898047,0.667
CMP1,LSM-32531,AC1NKOA3,0.667
CMP1,LSM-15177,AC1NOARS,0.667
CMP1,LSM-16263,SMR000218444,0.667
CMP1,LSM-16636,ST50940608,0.667
CMP1,LSM-16569,"N-{3-[4-(4-Fluorophenyl)piperazin-1-yl]-1,4-dioxo-1,4-dihydronaphthalen-2-yl}benzenesulfonamide",0.667
CMP1,LSM-16925,"2-Fluoro-n-[2-(4-fluorophenyl)-1,3-benzoxazol-5-yl]benzamide",0.667
CMP1,LSM-20648,ZINC02865451,0.667
CMP1,LSM-31289,AC1M0HZH,0.667
CMP1,LSM-32905,AC1OB46V,0.667
CMP1,LSM-32998,MLS000882732,0.667
CMP1,LSM-33062,SMR000206182,0.667
CMP1,LSM-34706,10P-579S,0.667
CMP1,LSM-43442,BRD-K00449983,0.667
CMP1,LSM-43443,BRD-K00541818,0.667
CMP1,LSM-34832,AC1MFNCZ,0.667
CMP1,LSM-36797,BG-STK33-59,0.667
CMP1,LSM-43636,ST50193829,0.667
CMP1,LSM-42091,BRD-K88449712,0.664
CMP1,LSM-43228,Montelukast,0.664
CMP1,LSM-43144,AC1NR4QJ,0.664
CMP1,LSM-32170,MLS000911560,0.664
CMP1,LSM-5768,AC1L1U7X,0.664
CMP1,LSM-5545,SCHEMBL17857056,0.664
CMP1,LSM-37579,CHEMBL2359486,0.664
CMP1,LSM-40819,CHEMBL2358402,0.664
CMP1,LSM-41361,BRD-K75051049,0.664
CMP1,LSM-38749,CHEMBL2144294,0.664
CMP1,LSM-41348,BRD-K74868206,0.664
CMP1,LSM-44497,SMR000206302,0.663
CMP1,LSM-1221,"Staurosporine, N-Benzoyl",0.663
CMP1,LSM-24326,BDBM53349,0.663
CMP1,LSM-32274,AC1MDS6O,0.663
CMP1,LSM-1338,IN1304,0.663
CMP1,LSM-32739,STK135790,0.663
CMP1,LSM-2287,Midostaurin,0.663
CMP1,LSM-44971,Oxantel Embonate,0.663
CMP1,LSM-43989,T0520-8489,0.663
CMP1,LSM-2394,L 168049,0.663
CMP1,LSM-3234,TAS-301,0.663
CMP1,LSM-4288,NUTLIN 3,0.663
CMP1,LSM-4780,BAS 08196786,0.663
CMP1,LSM-20913,MLS000109175,0.663
CMP1,LSM-27174,"6-Amino-1,3-diphenyl-4-(3,4,5-trimethoxyphenyl)-1,4-dihydropyrano[2,3-c]pyrazole-5-carbonitrile",0.663
CMP1,LSM-28639,AC1MFSRW,0.663
CMP1,LSM-4849,ZINC02419385,0.663
CMP1,LSM-32577,MLS000583946,0.663
CMP1,LSM-6351,NUTLIN-3,0.663
CMP1,LSM-31238,CDS1_001529,0.663
CMP1,LSM-43274,BIBR-1532,0.663
CMP1,LSM-4024,MY 5445,0.663
CMP1,LSM-31402,9M-315S,0.663
CMP1,LSM-1918,MLS003370614,0.663
CMP1,LSM-19654,"4-[(5-Methyl-2,4-diphenyl-2H-pyrazol-3-ylimino)-methyl]-phenol",0.663
CMP1,LSM-1716,145040-37-5,0.661
CMP1,LSM-4560,SPOX1_000823,0.661
CMP1,LSM-41398,SA-84869,0.661
CMP1,LSM-38583,CHEMBL2358136,0.661
CMP1,LSM-38739,BRD-K27014041,0.661
CMP1,LSM-39515,BRD-K40692824,0.661
CMP1,LSM-39259,BRD-K36290066,0.661
CMP1,LSM-42085,BRD-K88307956,0.661
CMP1,LSM-37703,BRD-K07967886,0.661
CMP1,LSM-39472,SA-96805,0.661
CMP1,LSM-26445,SMR000149104,0.661
CMP1,LSM-1225,Allitinib,0.66
CMP1,LSM-33165,SMR000005661,0.66
CMP1,LSM-43870,SMR000220627,0.66
CMP1,LSM-45793,Alvelestat,0.66
CMP1,LSM-37365,BRD-K01615361,0.66
CMP1,LSM-37847,BRD-K11221750,0.66
CMP1,LSM-38387,BRD-K20652606,0.66
CMP1,LSM-39195,BRD-K35101110,0.66
CMP1,LSM-41582,BRD-K78959251,0.66
CMP1,LSM-42487,BRD-K96103104,0.66
CMP1,LSM-40842,BRD-K65385622,0.66
CMP1,LSM-4278,SCHEMBL3461341,0.66
CMP1,LSM-18424,AC1LM7D3,0.66
CMP1,LSM-24503,F0816-0056,0.66
CMP1,LSM-28541,T5244313,0.66
CMP1,LSM-45692,GSK-923295,0.66
CMP1,LSM-37425,CHEMBL2362116,0.66
CMP1,LSM-32614,AC1LZUGL,0.66
CMP1,LSM-27936,SMR000237936,0.66
CMP1,LSM-24108,SMR000207607,0.66
CMP1,LSM-32473,SMR000559559,0.66
CMP1,LSM-4538,AK-778/12434114,0.66
CMP1,LSM-1383,MLS003370610,0.66
CMP1,LSM-32891,SMR000260255,0.66
CMP1,LSM-33628,SMR000194860,0.66
CMP1,LSM-45274,Nafamostat Mesylate,0.66
CMP1,LSM-43710,MLS000759850,0.66
CMP1,LSM-43764,AC1NW5UU,0.66
CMP1,LSM-4805,MLS001221673,0.66
CMP1,LSM-44965,SCHEMBL16892136,0.66
CMP1,LSM-23833,AC1OB4MD,0.66
CMP1,LSM-26047,"3-[(2,5-Dichlorophenoxy)methyl]-n-(2,6-dimethylphenyl)benzamide",0.66
CMP1,LSM-28158,MLS000582168,0.66
CMP1,LSM-17427,STK096235,0.66
CMP1,LSM-17045,MLS000056602,0.66
CMP1,LSM-44962,Hydroxyzine Pamoate,0.659
CMP1,LSM-12707,CHEMBL3185502,0.658
CMP1,LSM-10305,BRD-K31103241,0.658
CMP1,LSM-2243,GR-127935,0.657
CMP1,LSM-30728,BRD-K73969016,0.657
CMP1,LSM-30854,BRD-K28399883,0.657
CMP1,LSM-30866,BRD-K87920761,0.657
CMP1,LSM-30679,BRD-K34519313,0.657
CMP1,LSM-30696,BRD-K90480740,0.657
CMP1,LSM-28185,MLS000882825,0.657
CMP1,LSM-30694,BRD-K15259307,0.657
CMP1,LSM-30772,BRD-K85044233,0.657
CMP1,LSM-3638,T5291115,0.657
CMP1,LSM-2517,AC1NIIH8,0.657
CMP1,LSM-26316,MLS000374570,0.657
CMP1,LSM-36748,SUGA1_016055,0.657
CMP1,LSM-23812,MLS000334407,0.657
CMP1,LSM-26073,BDBM53834,0.657
CMP1,LSM-26425,STK223488,0.657
CMP1,LSM-19183,MLS000526755,0.657
CMP1,LSM-32457,F0700-0164,0.657
CMP1,LSM-44364,ST082387,0.657
CMP1,LSM-26570,ST50449078,0.657
CMP1,LSM-18775,SMR000109574,0.657
CMP1,LSM-31447,AC1OALNB,0.657
CMP1,LSM-32273,AC1OBJDT,0.657
CMP1,LSM-4777,F3284-4453,0.657
CMP1,LSM-33449,SMR000193743,0.657
CMP1,LSM-43287,SCHEMBL16065773,0.657
CMP1,LSM-2727,ZINC00621344,0.657
CMP1,LSM-37360,BRD-K01576758,0.657
CMP1,LSM-39459,BRD-K39709536,0.657
CMP1,LSM-39205,BRD-K35306330,0.657
CMP1,LSM-40962,BRD-K67733357,0.657
CMP1,LSM-42153,BRD-K89499048,0.657
CMP1,LSM-41030,BRD-K69077316,0.657
CMP1,LSM-41630,BRD-K79906422,0.657
CMP1,LSM-28244,MLS000086333,0.657
CMP1,LSM-32718,2-Phenyl-4-(3-aminophenyl)-6-(4-aminophenyl)pyrimidine,0.657
CMP1,LSM-17130,SMR000196328,0.657
CMP1,LSM-19747,SMR000146892,0.657
CMP1,LSM-33422,ASN 03272530,0.657
CMP1,LSM-43880,AC1M2SGK,0.657
CMP1,LSM-4474,F1061-0166,0.656
CMP1,LSM-25839,ZINC00716094,0.656
CMP1,LSM-15453,MLS000082861,0.656
CMP1,LSM-43708,BAS 00916466,0.656
CMP1,LSM-36688,AC1O9HQ4,0.656
CMP1,LSM-45918,CEPHARANTHINE,0.655
CMP1,LSM-40202,BRD-K53321531,0.655
CMP1,LSM-2746,CTK8E8566,0.655
CMP1,LSM-6072,MLS002473875,0.655
CMP1,LSM-6093,CHEMBL2139823,0.655
CMP1,LSM-6098,CHEMBL2142832,0.655
CMP1,LSM-6122,CHEMBL3109371,0.655
CMP1,LSM-6138,CHEMBL3109370,0.655
CMP1,LSM-6141,CHEMBL2143784,0.655
CMP1,LSM-6156,MLS004683634,0.655
CMP1,LSM-6161,ARG-TCRUZI2-9,0.655
CMP1,LSM-28135,MLS000686795,0.655
CMP1,LSM-34681,SMR000147204,0.655
CMP1,LSM-33402,DHPC1_000730,0.654
CMP1,LSM-31506,MLS001034834,0.654
CMP1,LSM-38479,BRD-K22353999,0.653
CMP1,LSM-39920,BRD-K47716724,0.653
CMP1,LSM-40515,BRD-K59308946,0.653
CMP1,LSM-42240,BRD-K91104058,0.653
CMP1,LSM-26937,SMR000178540,0.653
CMP1,LSM-18968,AC1LKB0Y,0.653
CMP1,LSM-28003,MLS000706176,0.653
CMP1,LSM-38212,BRD-K17771527,0.653
CMP1,LSM-39530,BRD-K40960913,0.653
CMP1,LSM-40928,BRD-K67035256,0.653
CMP1,LSM-42053,BRD-K87744519,0.653
CMP1,LSM-16816,MLS000697328,0.653
CMP1,LSM-45467,CX-4945 (Silmitasertib),0.653
CMP1,LSM-19123,MLS000583348,0.653
CMP1,LSM-20811,SMR000011386,0.653
CMP1,LSM-2386,JWH-015,0.653
CMP1,LSM-39940,BRD-K48105325,0.653
CMP1,LSM-5536,Ezetimibe,0.653
CMP1,LSM-40517,BRD-K59371957,0.653
CMP1,LSM-23578,"N-(1-Ethyl-2-oxo-1,2-dihydro-benzo[cd]indol-6-yl)-benzamide",0.653
CMP1,LSM-1533,1228746-78-8,0.653
CMP1,LSM-31907,AC1MKZMM,0.653
CMP1,LSM-32550,T5220362,0.653
CMP1,LSM-32487,"N-(2-Benzyl-1,2,3,4-tetrahydropyrazino[1,2-a]benzimidazol-8-yl)-4-methylbenzenesulfonamide",0.653
CMP1,LSM-17251,SMR000028626,0.653
CMP1,LSM-36639,AC1O9CB0,0.653
CMP1,LSM-4830,AC1LEEJB,0.653
CMP1,LSM-9103,BRD-K11068374,0.652
CMP1,LSM-8723,BRD-K04753511,0.652
CMP1,LSM-1973,CHEMBL566283,0.651
CMP1,LSM-4069,KUC104253,0.651
CMP1,LSM-40108,BRD-K51395794,0.651
CMP1,LSM-41770,BRD-K82368009,0.651
CMP1,LSM-42777,CP-724714,0.651
CMP1,LSM-42093,BRD-K88504936,0.651
CMP1,LSM-42546,BRD-K97351331,0.651
CMP1,LSM-45236,Tegobuvir,0.651
CMP1,LSM-16285,MLS000703244,0.651
CMP1,LSM-19447,ST053978,0.651
CMP1,LSM-40808,BRD-K64741770,0.651
CMP1,LSM-39737,CHEMBL3188005,0.651
CMP1,LSM-45280,Hoechst 33258,0.65
CMP1,LSM-44003,MLS000375298,0.65
CMP1,LSM-44409,SMR000217948,0.65
CMP1,LSM-2168,HOECHST-33342,0.65
CMP1,LSM-3802,MLS002276502,0.65
CMP1,LSM-25964,MLS000762436,0.65
CMP1,LSM-26032,ZINC01133327,0.65
CMP1,LSM-34724,MLS000557844,0.65
CMP1,LSM-6067,CHEMDIV3_005068,0.65
CMP1,LSM-43832,MLS000588411,0.65
CMP1,LSM-44056,SMR000200880,0.65
CMP1,LSM-44038,SMR000262223,0.65
CMP1,LSM-3644,MLS002276465,0.65
CMP1,LSM-3999,DMP-543,0.65
CMP1,LSM-4753,PKC Beta Inhibitor,0.65
CMP1,LSM-1111,TWS 119,0.65
CMP1,LSM-4938,Erismodegib,0.65
CMP1,LSM-36405,BRD-K25804113,0.65
CMP1,LSM-17322,MLS000722153,0.65
CMP1,LSM-1205,Idelalisib,0.65
CMP1,LSM-45330,Broad-Sai-045,0.65
CMP1,LSM-17435,T5367828,0.65
CMP1,LSM-19559,SMR000171178,0.65
CMP1,LSM-20354,SMR000097612,0.65
CMP1,LSM-43044,MAZ51,0.65
CMP1,LSM-43691,ST51014774,0.65
CMP1,LSM-43712,AC1OC0BL,0.65
CMP1,LSM-22648,MLS000578898,0.649
CMP1,LSM-16625,MLS000534864,0.649
CMP1,LSM-17089,ZINC00798302,0.649
CMP1,LSM-18726,"N-[4-(1H-Benzimidazol-2-yl)phenyl]-2,3,4,5,6-pentafluorobenzamide",0.649
CMP1,LSM-36860,CCT036477,0.649
CMP1,LSM-3977,EMD-66684,0.649
CMP1,LSM-45582,Flumatinib (mesylate),0.649
CMP1,LSM-35069,BRD-K00218068,0.649
CMP1,LSM-35682,BRD-K34024207,0.649
CMP1,LSM-36339,BRD-K97943226,0.649
CMP1,LSM-39304,SA-90030,0.649
CMP1,LSM-36158,CHEMBL3185125,0.649
CMP1,LSM-40902,BRD-K66626628,0.648
CMP1,LSM-41871,BRD-K84145110,0.648
CMP1,LSM-41635,BRD-K79998171,0.648
CMP1,LSM-3793,CHEMBL565856,0.648
CMP1,LSM-4073,CHEMBL566722,0.648
CMP1,LSM-4596,AC1O9CBL,0.648
CMP1,LSM-44162,SMR000221098,0.647
CMP1,LSM-3090,CHEMBL1394132,0.647
CMP1,LSM-2677,GF-109203,0.647
CMP1,LSM-1473,MLS003370612,0.647
CMP1,LSM-16373,AC1LJY7D,0.647
CMP1,LSM-22772,"4-(5,6-Dimethyl-1H-benzimidazol-1-yl)-5-phenylthieno[2,3-d]pyrimidine",0.647
CMP1,LSM-22886,ST50932326,0.647
CMP1,LSM-2585,MLS002276484,0.647
CMP1,LSM-1002,SCHEMBL15556278,0.647
CMP1,LSM-17258,AC1O98HX,0.647
CMP1,LSM-4584,ZINC04084020,0.647
CMP1,LSM-43480,BRD-K57206606,0.647
CMP1,LSM-16785,HMS2386C08,0.647
CMP1,LSM-4935,KU0060648,0.647
CMP1,LSM-4696,AC1O9B20,0.647
CMP1,LSM-44496,AC1LIMK7,0.646
CMP1,LSM-6516,AC1N39OF,0.646
CMP1,LSM-21254,AC1M1XET,0.646
CMP1,LSM-37854,BRD-K11385710,0.646
CMP1,LSM-28636,MLS000517964,0.646
CMP1,LSM-16954,AC1M1XGQ,0.646
CMP1,LSM-19980,SB 228357,0.646
CMP1,LSM-32290,SMR000004112,0.646
CMP1,LSM-32796,MLS000536229,0.646
CMP1,LSM-19242,SMR000036469,0.646
CMP1,LSM-34610,T0516-0994,0.646
CMP1,LSM-42851,CHEMBL323994,0.646
CMP1,LSM-3425,Raloxifene,0.646
CMP1,LSM-4868,AB00540134,0.646
CMP1,LSM-32511,AC1OAJI8,0.646
CMP1,LSM-16372,T0510-6049,0.646
CMP1,LSM-16803,SMR000002990,0.646
CMP1,LSM-33091,MLS000576709,0.646
CMP1,LSM-2671,SB-216641,0.645
CMP1,LSM-3030,MLS002276494,0.645
CMP1,LSM-4508,AC1LPE6W,0.645
CMP1,LSM-44037,OPREA1_468775,0.645
CMP1,LSM-43812,CHEMBL399982,0.645
CMP1,LSM-4624,SPOX1_000651,0.645
CMP1,LSM-45650,NKP608,0.644
CMP1,LSM-37184,Alisertib,0.644
CMP1,LSM-23647,AC1O9MLS,0.644
CMP1,LSM-17025,ZINC03348724,0.644
CMP1,LSM-5982,SCHEMBL3954849,0.644
CMP1,LSM-45258,IOWH032,0.644
CMP1,LSM-16784,SMR000196738,0.644
CMP1,LSM-18763,T0506-0291,0.644
CMP1,LSM-43268,BAS 02859604,0.644
CMP1,LSM-24074,ASN 05113850,0.644
CMP1,LSM-44524,MLS000546190,0.644
CMP1,LSM-2741,ZK-93423,0.644
CMP1,LSM-4673,AC1MTJVV,0.644
CMP1,LSM-22789,ST50070396,0.644
CMP1,LSM-22766,T0505-4846,0.644
CMP1,LSM-27670,MLS000684400,0.644
CMP1,LSM-28108,MLS000109469,0.644
CMP1,LSM-19469,"2-(4-Fluoro-phenyl)-7-morpholin-4-yl-5-phenyl-pyrazolo[1,5-a]pyrimidine",0.644
CMP1,LSM-19674,T5253478,0.644
CMP1,LSM-23596,MLS000393398,0.644
CMP1,LSM-17279,SMR000028636,0.644
CMP1,LSM-20713,SMR000237372,0.644
CMP1,LSM-32600,MLS001229512,0.644
CMP1,LSM-34666,AC1LP8MW,0.644
CMP1,LSM-37029,BML-286,0.644
CMP1,LSM-38396,CHEMBL2138292,0.643
CMP1,LSM-1167,BAY 61-3606,0.643
CMP1,LSM-4096,MLS000047258,0.643
CMP1,LSM-26030,ST50052593,0.643
CMP1,LSM-33276,MLS000522545,0.643
CMP1,LSM-28092,MLS000862541,0.643
CMP1,LSM-4717,AC1O9BJ3,0.643
CMP1,LSM-1170,Doramapimod,0.643
CMP1,LSM-16679,MLS000698233,0.643
CMP1,LSM-19808,SMR000003248,0.643
CMP1,LSM-27797,AC1N906E,0.643
CMP1,LSM-44447,SMR000186984,0.643
CMP1,LSM-26335,BRD-A29660540,0.643
CMP1,LSM-30901,BRD-K49409924,0.642
CMP1,LSM-30786,BRD-K65392908,0.642
CMP1,LSM-15494,WIN-552122,0.642
CMP1,LSM-30771,CHEMBL3187677,0.642
CMP1,LSM-30908,CHEMBL3187090,0.642
CMP1,LSM-15495,131543-24-3,0.642
CMP1,LSM-30663,BRD-K08075712,0.642
CMP1,LSM-30704,BRD-K42506600,0.642
CMP1,LSM-30887,BRD-K65152352,0.642
CMP1,LSM-36713,FPA1_000251,0.642
CMP1,LSM-44218,AC1LZS28,0.642
CMP1,LSM-4441,MLS000438651,0.642
CMP1,LSM-22650,F0562-0634,0.642
CMP1,LSM-43140,AC1M52QF,0.642
CMP1,LSM-18927,T0515-1872,0.642
CMP1,LSM-44512,MLS000574241,0.641
CMP1,LSM-3102,KUC104491N,0.641
CMP1,LSM-2701,CGP-53353,0.641
CMP1,LSM-6779,CHEMBL2355586,0.641
CMP1,LSM-6781,CHEMBL2356693,0.641
CMP1,LSM-6810,CHEMBL2359459,0.641
CMP1,LSM-17323,AC1NOG3I,0.641
CMP1,LSM-40556,BRD-K60067222,0.641
CMP1,LSM-33624,BRD-K16263791,0.641
CMP1,LSM-22931,CHEMBL2140613,0.641
CMP1,LSM-23861,ZINC00506400,0.641
CMP1,LSM-18483,"2-[3-[(1-Oxo-[1,3]thiazolo[3,2-a]benzimidazol-2-ylidene)methyl]indol-1-yl]acetic acid",0.641
CMP1,LSM-23114,CHEMBL2135405,0.641
CMP1,LSM-32513,AC1MMPDN,0.641
CMP1,LSM-16460,MLS000055897,0.641
CMP1,LSM-2978,ML228,0.641
CMP1,LSM-38231,CHEMBL2142401,0.641
CMP1,LSM-39300,CHEMBL2136858,0.641
CMP1,LSM-44897,CHEMBL2359295,0.64
CMP1,LSM-45912,Mozavaptan,0.64
CMP1,LSM-1271,MLS003221411,0.64
CMP1,LSM-6529,4LY1,0.64
CMP1,LSM-19952,HMS2994M05,0.64
CMP1,LSM-27081,ZINC02930447,0.64